{
    "jobApplications": [
        {
            "applicationDate": "2025-08-26",
            "applicationWebsite": "https://campus.iflytek.com/official-pc/jobList",
            "company": "科大讯飞",
            "companyAddress": "合肥",
            "id": "{3adbb5be-e324-4d39-ba32-a67ea4753ffa}",
            "isStateOwned": false,
            "notes": "",
            "position": "嵌入式",
            "salary": "",
            "status": "已投递",
            "todoItems": [
            ],
            "todoItemsText": ""
        },
        {
            "applicationDate": "2025-08-27",
            "applicationWebsite": "https://career.naura.com/campus",
            "company": "北方华创",
            "companyAddress": "北京",
            "id": "{74036887-5629-4392-99ed-051ae35fe235}",
            "isStateOwned": true,
            "notes": "",
            "position": "软件工程师-HD",
            "salary": "",
            "status": "已投递",
            "todoItems": [
            ],
            "todoItemsText": ""
        },
        {
            "applicationDate": "2025-08-28",
            "applicationWebsite": "https://career.naura.com/campus",
            "company": "北方华创",
            "companyAddress": "北京",
            "id": "{1f13174d-bdeb-4e09-873e-ce9beb1fa801}",
            "isStateOwned": true,
            "notes": "",
            "position": "电气工程师",
            "salary": "",
            "status": "已投递",
            "todoItems": [
            ],
            "todoItemsText": ""
        },
        {
            "applicationDate": "2025-08-30",
            "applicationWebsite": "http://jobs.cxmt.com/personal/deliveryRecord",
            "company": "长鑫存储",
            "companyAddress": "",
            "id": "{b09e13b2-0344-454a-adf2-a9ac17faf006}",
            "isStateOwned": true,
            "notes": "",
            "position": "软件工程",
            "salary": "",
            "status": "初试完成",
            "todoItems": [
                {
                    "deadline": "2025-09-12T23:59:47",
                    "description": "AI面",
                    "isCompleted": true,
                    "jobApplicationId": "",
                    "website": ""
                }
            ],
            "todoItemsText": ""
        },
        {
            "applicationDate": "2025-08-30",
            "applicationWebsite": "https://siglent.zhiye.com/login?goto=personal%2FdeliveryRecord",
            "company": "鼎阳科技",
            "companyAddress": "",
            "id": "{027a2e32-38ed-4f8e-a55f-2d173645d0c7}",
            "isStateOwned": false,
            "notes": "",
            "position": "嵌入式软件",
            "salary": "",
            "status": "已投递",
            "todoItems": [
            ],
            "todoItemsText": ""
        },
        {
            "applicationDate": "2025-08-30",
            "applicationWebsite": "https://careers.midea.com/recruit-school-out/post/details?projectRuleId=65887882-8def-4b50-b0fa-39c5280a2cab&positionId=8a5ed792986f9d5d0198a5fe960a2bf1&recruitCategoryId=56293ba92698407a82d4649b4753d158&projectType=1",
            "company": "美的",
            "companyAddress": "合肥",
            "id": "{56ff451f-bbfb-4af2-8a2f-3917670087a8}",
            "isStateOwned": false,
            "notes": "",
            "position": "嵌入式-洗衣机",
            "salary": "",
            "status": "已拒绝",
            "todoItems": [
                {
                    "deadline": "2025-09-16T23:44:12",
                    "description": "AI面试",
                    "isCompleted": true,
                    "jobApplicationId": "",
                    "website": "https://support-aiview.hrtps.com/entry/index.html?token=efLlsTlw6taGyF5eWHLuRN5ugXpyrrnRSJerVa1N9OWmLKqB%2FN0IAo8%2BewQe9CI5Yz1fkzwnaevNedT0KsUW37YrTneJsjjnEqCEdOXsEaLt1abxjGi%2FlrXOjYGZfr%2F%2FguCMlU30MW6J6iWnSl8jBw%3D%3D"
                }
            ],
            "todoItemsText": ""
        },
        {
            "applicationDate": "2025-08-30",
            "applicationWebsite": "https://career.honor.com/SU60eea919bef57c1023f6fe78/pb/index.html#/",
            "company": "荣耀",
            "companyAddress": "",
            "id": "{187b3397-d013-4afe-b0e6-2fe9adbea708}",
            "isStateOwned": true,
            "notes": "",
            "position": "嵌入式软件",
            "salary": "",
            "status": "已投递",
            "todoItems": [
            ],
            "todoItemsText": ""
        },
        {
            "applicationDate": "2025-08-30",
            "applicationWebsite": "",
            "company": "吉林江机特种工业",
            "companyAddress": "长春",
            "id": "{e2e8d0b1-b3b2-436c-a558-6fba0ea8351d}",
            "isStateOwned": true,
            "notes": "",
            "position": "不知道",
            "salary": "",
            "status": "已投递",
            "todoItems": [
            ],
            "todoItemsText": ""
        },
        {
            "applicationDate": "2025-08-30",
            "applicationWebsite": "https://q.yingjiesheng.com/pc/personal?tabId=2&partner=wspcsucceedb1",
            "company": "梅特勒托利多",
            "companyAddress": "",
            "id": "{56c477d1-7368-43c0-bb64-cb0842ac9c6f}",
            "isStateOwned": false,
            "notes": "",
            "position": "电子工程师",
            "salary": "",
            "status": "已投递",
            "todoItems": [
            ],
            "todoItemsText": ""
        },
        {
            "applicationDate": "2025-08-30",
            "applicationWebsite": "https://talent.baidu.com/jobs/detail/GRADUATE/d43448c9-5039-4d49-b338-6d574479c277",
            "company": "百度",
            "companyAddress": "",
            "id": "{d86d9598-43b3-48a9-86f4-6fb2f39cbed3}",
            "isStateOwned": false,
            "notes": "",
            "position": "C++",
            "salary": "",
            "status": "已投递",
            "todoItems": [
            ],
            "todoItemsText": ""
        },
        {
            "applicationDate": "2025-08-28",
            "applicationWebsite": "https://xadzgc.zhiye.com/campus/jobs",
            "company": "兵器206",
            "companyAddress": "",
            "id": "{e7c207b0-9793-40ea-a2ef-f8228b77d6fe}",
            "isStateOwned": true,
            "notes": "",
            "position": "嵌入式软件",
            "salary": "",
            "status": "已投递",
            "todoItems": [
            ],
            "todoItemsText": ""
        },
        {
            "applicationDate": "2025-08-30",
            "applicationWebsite": "https://app.mokahr.com/campus_apply/zwcad/28356#/job/e35c05ff-da72-49e7-be84-c0c733972ce4/campus_apply/thanks?jobId=e35c05ff-da72-49e7-be84-c0c733972ce4&isRecommendation=false&applyInfo%5BaimWorkCity%5D=%E6%AD%A6%E6%B1%89%E5%B8%82&candidateName=%E8%B4%BE%E8%AF%97%E5%B1%95&candidateId=663219799",
            "company": "中望软件",
            "companyAddress": "武汉",
            "id": "{269d83a3-2d7a-4737-96eb-1995b0ffd53e}",
            "isStateOwned": false,
            "notes": "",
            "position": "C++ ZWCAD",
            "salary": "",
            "status": "初试完成",
            "todoItems": [
            ],
            "todoItemsText": ""
        },
        {
            "applicationDate": "2025-08-30",
            "applicationWebsite": "https://app.mokahr.com/campus_apply/zwcad/28356#/job/e35c05ff-da72-49e7-be84-c0c733972ce4/campus_apply/thanks?jobId=e35c05ff-da72-49e7-be84-c0c733972ce4&isRecommendation=false&applyInfo%5BaimWorkCity%5D=%E6%AD%A6%E6%B1%89%E5%B8%82&candidateName=%E8%B4%BE%E8%AF%97%E5%B1%95&candidateId=663219799",
            "company": "中望软件",
            "companyAddress": "西安",
            "id": "{2d1ea12f-4be0-45b4-8480-36cb6967fb1a}",
            "isStateOwned": false,
            "notes": "",
            "position": "C++ 3DMAX",
            "salary": "",
            "status": "已投递",
            "todoItems": [
            ],
            "todoItemsText": ""
        },
        {
            "applicationDate": "2025-08-30",
            "applicationWebsite": "https://careers.oppo.com/university/oppo/center/history",
            "company": "OPPO",
            "companyAddress": "南京",
            "id": "{c3b5dc7c-a225-4c2b-a20e-108ed3f6f879}",
            "isStateOwned": false,
            "notes": "",
            "position": "多媒体",
            "salary": "",
            "status": "已拒绝",
            "todoItems": [
            ],
            "todoItemsText": ""
        },
        {
            "applicationDate": "2025-08-30",
            "applicationWebsite": "https://bambulab.jobs.feishu.cn/campus/resume/applied",
            "company": "拓竹",
            "companyAddress": "上海",
            "id": "{114c9aff-b523-4c08-a8e7-4b9d89209440}",
            "isStateOwned": false,
            "notes": "",
            "position": "C++",
            "salary": "",
            "status": "已投递",
            "todoItems": [
            ],
            "todoItemsText": ""
        },
        {
            "applicationDate": "2025-08-30",
            "applicationWebsite": "https://bambulab.jobs.feishu.cn/campus/resume/applied",
            "company": "拓竹",
            "companyAddress": "上海",
            "id": "{a9c18c23-7ffd-4444-b55b-e0dc44a2fc10}",
            "isStateOwned": false,
            "notes": "",
            "position": "嵌入式",
            "salary": "",
            "status": "已投递",
            "todoItems": [
            ],
            "todoItemsText": ""
        },
        {
            "applicationDate": "2025-08-30",
            "applicationWebsite": "https://www.phytium.com.cn/recruitment/campus_recruit",
            "company": "飞腾",
            "companyAddress": "长沙",
            "id": "{a0bdea29-02c7-4905-abe5-8df194a81784}",
            "isStateOwned": true,
            "notes": "",
            "position": "软件",
            "salary": "",
            "status": "已投递",
            "todoItems": [
            ],
            "todoItemsText": ""
        },
        {
            "applicationDate": "2025-08-30",
            "applicationWebsite": "https://app.mokahr.com/campus-recruitment/sonoscape/94392#/job/ac85d725-d765-4cbb-a5db-248ee96b8042/campus_apply/thanks?jobId=ac85d725-d765-4cbb-a5db-248ee96b8042&applyInfo[campusSiteId]=26510&applyInfo[aimWorkCity]=%E6%AD%A6%E6%B1%89%E5%B8%82&applyInfo[aimStoreId]=&candidateName=%E8%B4%BE%E8%AF%97%E5%B1%95&candidateId=663244403",
            "company": "开立医疗",
            "companyAddress": "武汉",
            "id": "{a3cccc98-554d-4235-a836-4f932d976d7c}",
            "isStateOwned": false,
            "notes": "",
            "position": "C++",
            "salary": "",
            "status": "已查看",
            "todoItems": [
                {
                    "deadline": "2026-09-12T20:00:44",
                    "description": "开立医疗宣讲会 https://xjh.zhaopin.com/live/16779",
                    "isCompleted": true,
                    "jobApplicationId": "",
                    "website": ""
                }
            ],
            "todoItemsText": ""
        },
        {
            "applicationDate": "2025-08-30",
            "applicationWebsite": "https://app.mokahr.com/campus-recruitment/sungrow/94416?locale=zh-CN#/job/f25b4ec2-37d9-4356-b81d-dcdcd3125cd7/campus_apply/thanks?jobId=f25b4ec2-37d9-4356-b81d-dcdcd3125cd7&applyInfo[aimStoreId]=&candidateName=%E8%B4%BE%E8%AF%97%E5%B1%95&candidateId=663246401",
            "company": "阳光电源",
            "companyAddress": "南京",
            "id": "{95550f95-b996-43f6-bac2-e35f16eb579c}",
            "isStateOwned": false,
            "notes": "",
            "position": "嵌入式软件",
            "salary": "",
            "status": "已投递",
            "todoItems": [
            ],
            "todoItemsText": ""
        },
        {
            "applicationDate": "2025-08-30",
            "applicationWebsite": "https://campus.10jqka.com.cn/job/apply?id=367",
            "company": "同花顺",
            "companyAddress": "杭州",
            "id": "{7673e3e1-c2d1-44cd-9438-83b762193ece}",
            "isStateOwned": false,
            "notes": "",
            "position": "C#期货项目",
            "salary": "",
            "status": "已投递",
            "todoItems": [
            ],
            "todoItemsText": ""
        },
        {
            "applicationDate": "2025-08-30",
            "applicationWebsite": "https://wecruit.hotjob.cn/SU68392ea2ed91a2307e2a97a1/mc/my/myDeliver",
            "company": "国望光学",
            "companyAddress": "北京",
            "id": "{76ced09c-42f4-47d8-a08f-72c9f677724d}",
            "isStateOwned": true,
            "notes": "",
            "position": "软件工程师",
            "salary": "",
            "status": "已投递",
            "todoItems": [
            ],
            "todoItemsText": ""
        },
        {
            "applicationDate": "2025-08-30",
            "applicationWebsite": "https://cssc.zhiye.com/Portal/Account/Login?returnUrl=http%3a%2f%2fcssc.zhiye.com%2fPortal%2fApply%2fIndex",
            "company": "中船713",
            "companyAddress": "郑州",
            "id": "{594a3af8-6acf-4e33-adc2-8326d035489a}",
            "isStateOwned": true,
            "notes": "",
            "position": "软件工程师",
            "salary": "",
            "status": "已投递",
            "todoItems": [
            ],
            "todoItemsText": ""
        },
        {
            "applicationDate": "2025-08-30",
            "applicationWebsite": "https://estun1.zhiye.com/personal/deliveryRecord",
            "company": "埃斯顿",
            "companyAddress": "南京",
            "id": "{78de1792-dbef-43e8-a32c-2420b6e838e9}",
            "isStateOwned": false,
            "notes": "",
            "position": "软件工程师",
            "salary": "",
            "status": "已投递",
            "todoItems": [
            ],
            "todoItemsText": ""
        },
        {
            "applicationDate": "2025-08-30",
            "applicationWebsite": "http://chengfei.zhice.cn/frontview/user/benke/User_Zhiwei.aspx",
            "company": "成飞",
            "companyAddress": "成都",
            "id": "{372e3caa-8747-4860-aebc-66f151f04971}",
            "isStateOwned": true,
            "notes": "",
            "position": "无",
            "salary": "",
            "status": "已投递",
            "todoItems": [
            ],
            "todoItemsText": ""
        },
        {
            "applicationDate": "2025-08-31",
            "applicationWebsite": "https://mediatek.zhiye.com/form/friendly?fromPage=job&CategoryId=2&choice=2&name=%E8%B4%BE%E8%AF%97%E5%B1%95&submissionId=200141840",
            "company": "联发科",
            "companyAddress": "合肥",
            "id": "{909a36ac-7f08-4a34-ad22-48b8f299dbf7}",
            "isStateOwned": false,
            "notes": "",
            "position": "软件",
            "salary": "",
            "status": "已投递",
            "todoItems": [
            ],
            "todoItemsText": ""
        },
        {
            "applicationDate": "2025-08-31",
            "applicationWebsite": "https://mediatek.zhiye.com/form/friendly?fromPage=job&CategoryId=2&choice=2&name=%E8%B4%BE%E8%AF%97%E5%B1%95&submissionId=200141840",
            "company": "联发科",
            "companyAddress": "",
            "id": "{f9d6cb2e-2c84-4560-995b-9876f9382726}",
            "isStateOwned": false,
            "notes": "",
            "position": "软件2",
            "salary": "",
            "status": "已投递",
            "todoItems": [
            ],
            "todoItemsText": ""
        },
        {
            "applicationDate": "2025-09-02",
            "applicationWebsite": "https://dahua.zhiye.com/campus/jobs",
            "company": "大华股份",
            "companyAddress": "杭州",
            "id": "{48cd0458-e71a-4f33-9ed8-76bf3869623e}",
            "isStateOwned": false,
            "notes": "",
            "position": "嵌入式软件",
            "salary": "",
            "status": "复试邀请",
            "todoItems": [
            ],
            "todoItemsText": ""
        },
        {
            "applicationDate": "2025-09-02",
            "applicationWebsite": "https://cat.wd5.myworkdayjobs.com/zh-CN/CaterpillarCareers/userHome?_gl=1*13adgex*_gcl_au*MTk1NDU2MTg1MC4xNzU2Nzk4MzM1*_ga*MTAyNjE1Nzg5MS4xNzU2Nzk4MzUx*_ga_PYTW46PCKJ*czE3NTY3OTgzNTAkbzEkZzEkdDE3NTY3OTg1NDAkajYwJGwwJGgw",
            "company": "卡特彼勒",
            "companyAddress": "无锡",
            "id": "{a994575a-d977-491b-b1dd-f3da0d4d10eb}",
            "isStateOwned": false,
            "notes": "",
            "position": "电气工程师",
            "salary": "",
            "status": "已投递",
            "todoItems": [
            ],
            "todoItemsText": ""
        },
        {
            "applicationDate": "2025-09-02",
            "applicationWebsite": "https://xiaoyuan.zhaopin.com/scrd/delivery/completed2?cid=10082649&pid=479141&projectId=104114&jobNumber=CCL1472344680J40833175608&comeFrom=4&productId=1&channelId=2&platform=14&srccode=444001&refcode=4440",
            "company": "国机数字科技",
            "companyAddress": "南京",
            "id": "{ea594373-3c8c-4427-8e13-e96c843e1309}",
            "isStateOwned": true,
            "notes": "",
            "position": "软开",
            "salary": "",
            "status": "已投递",
            "todoItems": [
            ],
            "todoItemsText": ""
        },
        {
            "applicationDate": "2025-09-02",
            "applicationWebsite": "https://xiaoyuan.zhaopin.com/scrd/delivery/completed2?cid=10082649&pid=479141&projectId=104114&jobNumber=CCL1472344680J40833175608&comeFrom=4&productId=1&channelId=2&platform=14&srccode=444001&refcode=4440",
            "company": "国机数字科技",
            "companyAddress": "南京",
            "id": "{62ac19d6-ebc1-4668-99ae-69e05c52ba7d}",
            "isStateOwned": true,
            "notes": "",
            "position": "硬件",
            "salary": "",
            "status": "已投递",
            "todoItems": [
            ],
            "todoItemsText": ""
        },
        {
            "applicationDate": "2025-09-02",
            "applicationWebsite": "https://ikingtec.zhiye.com/campus/jobs",
            "company": "云圣智能",
            "companyAddress": "天津",
            "id": "{5f949f3d-a56c-4d72-a5df-60cfd38dd4b1}",
            "isStateOwned": false,
            "notes": "",
            "position": "上位机",
            "salary": "",
            "status": "已投递",
            "todoItems": [
            ],
            "todoItemsText": ""
        },
        {
            "applicationDate": "2025-09-03",
            "applicationWebsite": "https://ikingtec.zhiye.com/campus/jobs",
            "company": "云圣智能",
            "companyAddress": "天津",
            "id": "{50dfc5fc-291f-4dbe-8718-e41b63c13a7b}",
            "isStateOwned": false,
            "notes": "",
            "position": "嵌入式软件",
            "salary": "",
            "status": "已拒绝",
            "todoItems": [
            ],
            "todoItemsText": ""
        },
        {
            "applicationDate": "2025-09-03",
            "applicationWebsite": "https://q.yingjiesheng.com/jobdetail/167763689.html?property=%7B%22pageCode%22:%22%22,%22jobSource%22:%22%E7%BD%91%E7%94%B3%22,%22jobId%22:%22167763689%22,%22jobTitle%22:%22c/c%20%20%E7%A0%94%E5%8F%91%E5%B7%A5%E7%A8%8B%E5%B8%88%22,%22jobRank%22:0,%22companyId%22:%228093432%22,%22companyName%22:%22%E6%B1%9F%E8%8B%8F%E9%87%91%E9%99%B5%E7%A7%91%E6%8A%80%E9%9B%86%E5%9B%A2%E6%9C%89%E9%99%90%E5%85%AC%E5%8F%B8%22%7D",
            "company": "金陵科技",
            "companyAddress": "南京",
            "id": "{01085837-c122-4011-9709-5fb68556c8c0}",
            "isStateOwned": true,
            "notes": "",
            "position": "C++",
            "salary": "",
            "status": "已投递",
            "todoItems": [
            ],
            "todoItemsText": ""
        },
        {
            "applicationDate": "2025-09-03",
            "applicationWebsite": "https://xiaomi.jobs.f.mioffice.cn/campus/resume/applied?spread=J7NS6YR",
            "company": "小米",
            "companyAddress": "南京",
            "id": "{59a3752d-060a-4bf7-860a-b892b0abb129}",
            "isStateOwned": false,
            "notes": "",
            "position": "嵌入式软件",
            "salary": "",
            "status": "已投递",
            "todoItems": [
                {
                    "deadline": "2025-09-20T14:00:17",
                    "description": "笔试",
                    "isCompleted": false,
                    "jobApplicationId": "",
                    "website": ""
                }
            ],
            "todoItemsText": ""
        },
        {
            "applicationDate": "2025-09-03",
            "applicationWebsite": "https://app.mokahr.com/campus_apply/anhuirohgzhirixin/73950?recommendCode=DSmZZEA1#/candidateHome/applications",
            "company": "容知日新",
            "companyAddress": "合肥",
            "id": "{c853154d-0484-4546-8d7d-6e6a1f6c7add}",
            "isStateOwned": false,
            "notes": "",
            "position": "嵌入式软件",
            "salary": "",
            "status": "已投递",
            "todoItems": [
            ],
            "todoItemsText": ""
        },
        {
            "applicationDate": "2025-09-03",
            "applicationWebsite": "https://www.wind.com.cn/mobile/JoinUS/PositionApplyResult/zh.html",
            "company": "WIND",
            "companyAddress": "南京",
            "id": "{ea62d3ad-2416-4528-ad31-b822b03d7c8a}",
            "isStateOwned": false,
            "notes": "",
            "position": "C++",
            "salary": "",
            "status": "已投递",
            "todoItems": [
            ],
            "todoItemsText": ""
        },
        {
            "applicationDate": "2025-09-03",
            "applicationWebsite": "https://hr.tp-link.com.cn/deliver",
            "company": "TPLINK",
            "companyAddress": "南京",
            "id": "{623ee41f-2391-436f-849d-bfcf9974c58c}",
            "isStateOwned": false,
            "notes": "",
            "position": "软件工程师",
            "salary": "",
            "status": "已投递",
            "todoItems": [
            ],
            "todoItemsText": ""
        },
        {
            "applicationDate": "2025-09-03",
            "applicationWebsite": "https://jusha.zhiye.com/campus/detail?jobAdId=d3f59982-1bda-4c64-88e2-f279f7134820",
            "company": "巨鲨医疗",
            "companyAddress": "南京",
            "id": "{fa9f2df9-7c56-4470-a9e6-f74f008f194f}",
            "isStateOwned": false,
            "notes": "",
            "position": "嵌入式软件",
            "salary": "",
            "status": "已投递",
            "todoItems": [
            ],
            "todoItemsText": ""
        },
        {
            "applicationDate": "2025-09-05",
            "applicationWebsite": "https://jusha.zhiye.com/campus/detail?jobAdId=d3f59982-1bda-4c64-88e2-f279f7134820",
            "company": "怀柔实验室",
            "companyAddress": "北京",
            "id": "{bc6c54be-89cd-4715-bb88-512320bdb694}",
            "isStateOwned": true,
            "notes": "",
            "position": "上位机",
            "salary": "",
            "status": "已投递",
            "todoItems": [
            ],
            "todoItemsText": ""
        },
        {
            "applicationDate": "2025-09-05",
            "applicationWebsite": "https://xiaoyuan.zhaopin.com/scrd/delivery/completed2?cid=10062826&pid=384494&projectId=103813&jobNumber=CC280397910J40753791713&comeFrom=4&productId=1&channelId=2&platform=14&srccode=444001&refcode=4440",
            "company": "电科38所",
            "companyAddress": "合肥",
            "id": "{ec32dd33-dba4-48c8-b295-cfa55553c4b2}",
            "isStateOwned": true,
            "notes": "",
            "position": "应用软件设计",
            "salary": "",
            "status": "已投递",
            "todoItems": [
            ],
            "todoItemsText": ""
        },
        {
            "applicationDate": "2025-09-05",
            "applicationWebsite": "https://mozi-login.alibaba-inc.com/ssoLogin.htm?APP_NAME=recruit-careers&BACK_URL=http%3A%2F%2Ftalent.taotian.com%2Fpersonal%2Fcampus-resume%3FbatchId%3D100000040001%26campusType%3Dfreshman%26cartIds%3D100011740925%2C100011740926%2C100011740927%26lang%3Dzh",
            "company": "淘天",
            "companyAddress": "",
            "id": "{1704c274-809f-4a94-99c1-ee6a826e0f33}",
            "isStateOwned": false,
            "notes": "",
            "position": "客户端开发",
            "salary": "",
            "status": "已投递",
            "todoItems": [
            ],
            "todoItemsText": ""
        },
        {
            "applicationDate": "2025-09-05",
            "applicationWebsite": "https://xiaoyuan.zhaopin.com/scrd/delivery/completed2?cid=10077672&pid=473028&projectId=104082&jobNumber=CC120914610J40786384502&comeFrom=4&srccode=448001",
            "company": "国电南自",
            "companyAddress": "南京",
            "id": "{aefc9d65-eda0-4994-819f-71c5981bb29d}",
            "isStateOwned": true,
            "notes": "",
            "position": "嵌入式软件",
            "salary": "",
            "status": "已投递",
            "todoItems": [
            ],
            "todoItemsText": ""
        },
        {
            "applicationDate": "2025-09-05",
            "applicationWebsite": "https://xiaoyuan.zhaopin.com/scrd/delivery/completed2?cid=10077672&pid=473028&projectId=104082&jobNumber=CC120914610J40786384502&comeFrom=4&srccode=448001",
            "company": "国电南自",
            "companyAddress": "南京",
            "id": "{e7bda520-c259-4770-a1fc-be0f3254be41}",
            "isStateOwned": true,
            "notes": "",
            "position": "系统开发",
            "salary": "",
            "status": "已投递",
            "todoItems": [
            ],
            "todoItemsText": ""
        },
        {
            "applicationDate": "2025-09-05",
            "applicationWebsite": "https://xiaoyuan.zhaopin.com/scrd/delivery/completed2?cid=10008222&pid=497976&projectId=100636&jobNumber=CC120101320J40807931405&comeFrom=4&productId=1&channelId=2&platform=14&businessPlatformLabel=1&businessPlatformSub=11&srccode=444001&refcode=4440",
            "company": "熊猫电子",
            "companyAddress": "南京",
            "id": "{9cfb467f-5799-4bc2-9ceb-6dfd19406a0a}",
            "isStateOwned": true,
            "notes": "",
            "position": "嵌入式linux",
            "salary": "",
            "status": "已投递",
            "todoItems": [
            ],
            "todoItemsText": ""
        },
        {
            "applicationDate": "2025-09-05",
            "applicationWebsite": "https://xiaoyuan.zhaopin.com/scrd/delivery/completed2?cid=10008222&pid=497976&projectId=100636&jobNumber=CC120101320J40807931405&comeFrom=4&productId=1&channelId=2&platform=14&businessPlatformLabel=1&businessPlatformSub=11&srccode=444001&refcode=4440",
            "company": "熊猫电子",
            "companyAddress": "南京",
            "id": "{05e3a15f-d41d-4e4e-93b7-df66d22c76ef}",
            "isStateOwned": true,
            "notes": "",
            "position": "电源硬件工程师",
            "salary": "",
            "status": "已投递",
            "todoItems": [
            ],
            "todoItemsText": ""
        },
        {
            "applicationDate": "2025-09-05",
            "applicationWebsite": "https://xiaoyuan.zhaopin.com/scrd/delivery/completed2?cid=10074911&pid=481875&projectId=104046&jobNumber=CC142837930J40805147105&comeFrom=4&productId=1&channelId=2&platform=14&businessPlatformLabel=1&businessPlatformSub=11&srccode=444401&refcode=4442",
            "company": "电科55",
            "companyAddress": "南京",
            "id": "{c383307b-5aba-4a5b-99f7-70960bb58fb4}",
            "isStateOwned": true,
            "notes": "",
            "position": "软件工程师",
            "salary": "",
            "status": "已查看",
            "todoItems": [
            ],
            "todoItemsText": ""
        },
        {
            "applicationDate": "2025-09-05",
            "applicationWebsite": "https://app.mokahr.com/campus-recruitment/asrmicro/71887?locale=zh-CN#/candidateHome/applications",
            "company": "翱捷科技",
            "companyAddress": "合肥",
            "id": "{509e8209-e6f8-4654-8738-de4a9a607eb6}",
            "isStateOwned": false,
            "notes": "",
            "position": "音频软件工程师",
            "salary": "",
            "status": "已投递",
            "todoItems": [
            ],
            "todoItemsText": ""
        },
        {
            "applicationDate": "2025-09-05",
            "applicationWebsite": "https://career.sicarrier.com/#/center",
            "company": "新凯来",
            "companyAddress": "深圳",
            "id": "{db9ff51e-87f4-47c6-8822-68be88b28c3c}",
            "isStateOwned": false,
            "notes": "",
            "position": "嵌入式软件",
            "salary": "",
            "status": "已投递",
            "todoItems": [
            ],
            "todoItemsText": ""
        },
        {
            "applicationDate": "2025-09-05",
            "applicationWebsite": "https://career.sicarrier.com/#/center",
            "company": "新凯来",
            "companyAddress": "深圳",
            "id": "{4683bfbd-b6c9-4768-99b6-54e55a2b7f37}",
            "isStateOwned": false,
            "notes": "",
            "position": "软件测试",
            "salary": "",
            "status": "已投递",
            "todoItems": [
            ],
            "todoItemsText": ""
        },
        {
            "applicationDate": "2025-09-07",
            "applicationWebsite": "",
            "company": "理工雷科",
            "companyAddress": "西安",
            "id": "{a9885df4-559e-4755-a52f-e6ac44644111}",
            "isStateOwned": false,
            "notes": "",
            "position": "软件",
            "salary": "",
            "status": "已投递",
            "todoItems": [
            ],
            "todoItemsText": ""
        },
        {
            "applicationDate": "2025-09-07",
            "applicationWebsite": "https://cae.jhte.ac.cn/job_user_sq_center.php",
            "company": "久远高新",
            "companyAddress": "北京",
            "id": "{540bf203-ae5e-414b-8216-1f2d4ca9073b}",
            "isStateOwned": true,
            "notes": "",
            "position": "界面引擎",
            "salary": "",
            "status": "复试邀请",
            "todoItems": [
                {
                    "deadline": "2025-09-17T18:32:13",
                    "description": "面试职位：CAE界面引擎研发工程师\n\n       面试时间：9 月17日（周三）10:40-11:00\n\n       视频面试：腾讯会议软件，会议号421-918-685\n\n       初试材料： PPT",
                    "isCompleted": true,
                    "jobApplicationId": "",
                    "website": ""
                }
            ],
            "todoItemsText": ""
        },
        {
            "applicationDate": "2025-09-07",
            "applicationWebsite": "https://casic.m.zhiye.com/#/applysuccess?jobid=151069222",
            "company": "北京航天情报与信息研究所",
            "companyAddress": "北京 西安",
            "id": "{bf3e49da-7305-4611-aca6-858928b1cabe}",
            "isStateOwned": true,
            "notes": "",
            "position": "软件系统开发",
            "salary": "",
            "status": "已投递",
            "todoItems": [
            ],
            "todoItemsText": ""
        },
        {
            "applicationDate": "2025-09-07",
            "applicationWebsite": "https://casic.m.zhiye.com/#/applysuccess?jobid=150791907",
            "company": "南京长峰航天电子科技有限公司",
            "companyAddress": "南京",
            "id": "{20495be5-937e-4180-b277-1cf1dc3bc4c0}",
            "isStateOwned": true,
            "notes": "",
            "position": "软件工程师",
            "salary": "",
            "status": "已投递",
            "todoItems": [
            ],
            "todoItemsText": ""
        },
        {
            "applicationDate": "2025-09-07",
            "applicationWebsite": "https://casic.m.zhiye.com/zwxq.html?adId=150485489&jc=2&c1=&c2=&ky=",
            "company": "航天科工微系统技术有限公司",
            "companyAddress": "南京 北京",
            "id": "{862a8297-e136-4477-9103-83dcf5e84e6c}",
            "isStateOwned": true,
            "notes": "",
            "position": "数字电路工程师",
            "salary": "",
            "status": "已投递",
            "todoItems": [
            ],
            "todoItemsText": ""
        },
        {
            "applicationDate": "2025-09-07",
            "applicationWebsite": "https://casic.m.zhiye.com/#/applysuccess?jobid=151055212",
            "company": "西安长峰机电研究所",
            "companyAddress": "西安",
            "id": "{36da74ec-984a-4d2a-baee-efa8fd724abb}",
            "isStateOwned": true,
            "notes": "",
            "position": "软件研发",
            "salary": "",
            "status": "已投递",
            "todoItems": [
            ],
            "todoItemsText": ""
        },
        {
            "applicationDate": "2025-09-07",
            "applicationWebsite": "https://bfhc1.zhiye.com/campus/jobs",
            "company": "华丞电子",
            "companyAddress": "北京",
            "id": "{6346daaf-188d-4440-a90b-9bb876ea389f}",
            "isStateOwned": false,
            "notes": "",
            "position": "软件",
            "salary": "",
            "status": "已投递",
            "todoItems": [
            ],
            "todoItemsText": ""
        },
        {
            "applicationDate": "2025-09-22",
            "applicationWebsite": "https://inovance.zhiye.com/campus/jobs",
            "company": "汇川技术",
            "companyAddress": "南京",
            "id": "{92478490-9957-48df-9a04-1b89cbc0fae1}",
            "isStateOwned": false,
            "notes": "",
            "position": "机器人系统软件",
            "salary": "",
            "status": "已投递",
            "todoItems": [
                {
                    "deadline": "2025-09-22T15:50:47",
                    "description": "测评",
                    "isCompleted": false,
                    "jobApplicationId": "{92478490-9957-48df-9a04-1b89cbc0fae1}",
                    "website": ""
                }
            ],
            "todoItemsText": ""
        },
        {
            "applicationDate": "2025-09-22",
            "applicationWebsite": "https://inovance.zhiye.com/campus/jobs",
            "company": "汇川技术",
            "companyAddress": "南京",
            "id": "{7db8be05-6efe-4775-bac3-7332f760bfc6}",
            "isStateOwned": false,
            "notes": "",
            "position": "C++",
            "salary": "",
            "status": "已投递",
            "todoItems": [
            ],
            "todoItemsText": ""
        },
        {
            "applicationDate": "2025-09-08",
            "applicationWebsite": "https://csic717.zhiye.com/personal/deliveryRecord",
            "company": "中船717",
            "companyAddress": "武汉",
            "id": "{8f078773-f6de-4589-a456-28e2e9232a35}",
            "isStateOwned": true,
            "notes": "",
            "position": "嵌入式软件",
            "salary": "",
            "status": "已投递",
            "todoItems": [
            ],
            "todoItemsText": ""
        },
        {
            "applicationDate": "2025-09-08",
            "applicationWebsite": "https://young.yingjiesheng.com/xyzsuccess?ctmid=a13b4581-4162-44c2-aef1-41eec0f89970&resumeid=c602c1b0-68ff-4cdb-a5f7-cd3e0e905174&aid=262002004&userfrom=yjs",
            "company": "航天新气象",
            "companyAddress": "无锡",
            "id": "{dd806cb7-c138-4af9-a2d2-9e37ef5a176f}",
            "isStateOwned": true,
            "notes": "",
            "position": "C++",
            "salary": "",
            "status": "已投递",
            "todoItems": [
            ],
            "todoItemsText": ""
        },
        {
            "applicationDate": "2025-09-08",
            "applicationWebsite": "https://young.yingjiesheng.com/xyzsuccess?ctmid=a13b4581-4162-44c2-aef1-41eec0f89970&resumeid=c602c1b0-68ff-4cdb-a5f7-cd3e0e905174&aid=262002004&userfrom=yjs",
            "company": "航天新气象",
            "companyAddress": "无锡",
            "id": "{c6623204-4ab0-485b-9f6c-52a3fed5795f}",
            "isStateOwned": true,
            "notes": "",
            "position": "嵌入式软件",
            "salary": "",
            "status": "已投递",
            "todoItems": [
            ],
            "todoItemsText": ""
        },
        {
            "applicationDate": "2025-09-09",
            "applicationWebsite": "https://campushr.hikvision.com/JobDetails.html?id=660c2242a452458b841a4adf93f870ef&type=2&batchId=f6bb29aecd1046d8a431dcb7810664b9",
            "company": "海康威视",
            "companyAddress": "杭州",
            "id": "{414664e4-d843-411f-a806-1f7080bdcec5}",
            "isStateOwned": false,
            "notes": "",
            "position": "C++",
            "salary": "",
            "status": "已投递",
            "todoItems": [
                {
                    "deadline": "2025-09-16T15:53:50",
                    "description": "在线测评",
                    "isCompleted": true,
                    "jobApplicationId": "",
                    "website": ""
                },
                {
                    "deadline": "2025-09-30T11:45:04",
                    "description": "笔试",
                    "isCompleted": false,
                    "jobApplicationId": "{414664e4-d843-411f-a806-1f7080bdcec5}",
                    "website": "https://hr.nowcoder.com/v1/s/FbbawSrs#"
                }
            ],
            "todoItemsText": ""
        },
        {
            "applicationDate": "2025-09-09",
            "applicationWebsite": "https://campushr.hikvision.com/JobDetails.html?id=660c2242a452458b841a4adf93f870ef&type=2&batchId=f6bb29aecd1046d8a431dcb7810664b9",
            "company": "海康威视",
            "companyAddress": "杭州",
            "id": "{95dae243-0c3d-46a3-bafb-a1702e5e5802}",
            "isStateOwned": false,
            "notes": "",
            "position": "BSP",
            "salary": "",
            "status": "已投递",
            "todoItems": [
            ],
            "todoItemsText": ""
        },
        {
            "applicationDate": "2025-09-09",
            "applicationWebsite": "https://wejob.chinatelecom.com.cn/wt/TELE/mobweb/v8/security/delivery/listDelivery?brandCode=1&request_locale=zh_CN&positionId=117019&recruitPostType=1",
            "company": "无人科技",
            "companyAddress": "南京",
            "id": "{ead366e6-7f17-42eb-af82-fb5074644c04}",
            "isStateOwned": true,
            "notes": "",
            "position": "硬件嵌入式",
            "salary": "",
            "status": "已投递",
            "todoItems": [
            ],
            "todoItemsText": ""
        },
        {
            "applicationDate": "2025-09-09",
            "applicationWebsite": "https://wecruit.hotjob.cn/SU64893571bef57c16d356b99e/pb/index.html#/",
            "company": "TCL",
            "companyAddress": "合肥",
            "id": "{727a95d0-318a-4cba-8b94-926796187dcd}",
            "isStateOwned": false,
            "notes": "",
            "position": "软件",
            "salary": "",
            "status": "已查看",
            "todoItems": [
                {
                    "deadline": "2026-09-13T15:55:59",
                    "description": "在线测评",
                    "isCompleted": true,
                    "jobApplicationId": "",
                    "website": ""
                }
            ],
            "todoItemsText": ""
        },
        {
            "applicationDate": "2025-09-10",
            "applicationWebsite": "https://wecruit.hotjob.cn/SU62a93e760dcad45229a827cc/pb/account.html#/myDeliver",
            "company": "经纬恒润",
            "companyAddress": "合肥",
            "id": "{e4d47219-bd3d-4063-838c-5a65a5909299}",
            "isStateOwned": false,
            "notes": "",
            "position": "软件",
            "salary": "",
            "status": "已投递",
            "todoItems": [
            ],
            "todoItemsText": ""
        },
        {
            "applicationDate": "2025-09-13",
            "applicationWebsite": "https://app.mokahr.com/campus_apply/cetcles/40889#/candidateHome/applications",
            "company": "中电莱斯 28所",
            "companyAddress": "南京",
            "id": "{bba73c3f-aff2-4181-94a4-3e803c0eb32f}",
            "isStateOwned": true,
            "notes": "",
            "position": "软件开发",
            "salary": "",
            "status": "已投递",
            "todoItems": [
            ],
            "todoItemsText": ""
        },
        {
            "applicationDate": "2025-09-13",
            "applicationWebsite": "https://c.iguopin.com/apply?invite_id=undefined&job_id=162508542337616771&project_id=160763975275907288&resume_id=158191443393905382&template_id=29772",
            "company": "中国联通",
            "companyAddress": "南京",
            "id": "{9e587f0a-ae42-4fae-b3f7-c7953b11596b}",
            "isStateOwned": true,
            "notes": "",
            "position": "软件研发",
            "salary": "",
            "status": "已投递",
            "todoItems": [
            ],
            "todoItemsText": ""
        },
        {
            "applicationDate": "2025-09-13",
            "applicationWebsite": "https://q.yingjiesheng.com/jobdetail/167577426.html?property=%7B%22pageCode%22%3A%22%22,%22jobSource%22%3A%22%E7%BD%91%E7%94%B3%22,%22jobId%22%3A%22167577426%22,%22jobTitle%22%3A%22%E4%BB%BF%E7%9C%9F%E8%BD%AF%E4%BB%B6%E5%BC%80%E5%8F%91%E5%B7%A5%E7%A8%8B%E5%B8%88%22,%22jobRank%22%3A0,%22companyId%22%3A%229903567%22,%22companyName%22%3A%22%E4%B8%AD%E5%9B%BD%E7%94%B5%E5%AD%90%E7%A7%91%E6%8A%80%E9%9B%86%E5%9B%A2%E5%85%AC%E5%8F%B8%E7%AC%AC%E5%8D%81%E7%A0%94%E7%A9%B6%E6%89%80%22%7D",
            "company": "中电十所",
            "companyAddress": "",
            "id": "{ffa7008c-f9ea-4d0a-8fb3-863b972e0642}",
            "isStateOwned": true,
            "notes": "",
            "position": "仿真软件开发工程师",
            "salary": "",
            "status": "已投递",
            "todoItems": [
                {
                    "deadline": "2026-09-16T21:53:25",
                    "description": "测评",
                    "isCompleted": true,
                    "jobApplicationId": "",
                    "website": "http://openexam.51job.com/examApi/exam/login/exam_login.aspx?test_token=75cc3f0e-b93c-41be-aaae-96d7accb1817&exam_type=zhiding"
                }
            ],
            "todoItemsText": ""
        },
        {
            "applicationDate": "2025-09-13",
            "applicationWebsite": "http://hrm-out.hzcctech.com:8083/RedseaPlatform/zhaopin/zpChannelQrCode/a3c82653-df31-47ea-8561-b634675cc88c/officeWebsite.mob?jumpPageId=detail&detailRequestId=afbb9523-800e-46e4-9c4f-fb94eb06fb07&rootId=hzcctech&recruitWay=4&configId=a3c82653-df31-47ea-8561-b634675cc88c",
            "company": "长川科技",
            "companyAddress": "",
            "id": "{522d11b1-14e6-44be-afd1-cbd28d5a0ab3}",
            "isStateOwned": false,
            "notes": "",
            "position": "应用开发工程师（数字）",
            "salary": "",
            "status": "已投递",
            "todoItems": [
            ],
            "todoItemsText": ""
        },
        {
            "applicationDate": "2025-09-13",
            "applicationWebsite": "",
            "company": "杰峰动力",
            "companyAddress": "芜湖",
            "id": "{8a3c2c6f-c481-460f-a81b-102bd699b8d5}",
            "isStateOwned": false,
            "notes": "",
            "position": "软件",
            "salary": "",
            "status": "已投递",
            "todoItems": [
            ],
            "todoItemsText": ""
        },
        {
            "applicationDate": "2025-09-13",
            "applicationWebsite": "https://campus.cec.com.cn/positionDetail?id=700761033933431",
            "company": "华东电子集团有限公司",
            "companyAddress": "",
            "id": "{49df31c9-f93d-4f92-af7c-cfa5a58f4f65}",
            "isStateOwned": true,
            "notes": "",
            "position": "软硬件研发工程师",
            "salary": "",
            "status": "已投递",
            "todoItems": [
            ],
            "todoItemsText": ""
        },
        {
            "applicationDate": "2025-09-13",
            "applicationWebsite": "https://campus.cec.com.cn/positionDetail?id=692097967457414",
            "company": "长江电子信息",
            "companyAddress": "",
            "id": "{01b36004-aa59-460c-9979-a7e513b0c1d3}",
            "isStateOwned": true,
            "notes": "",
            "position": "软件设计师",
            "salary": "",
            "status": "已投递",
            "todoItems": [
            ],
            "todoItemsText": ""
        },
        {
            "applicationDate": "2025-09-14",
            "applicationWebsite": "https://crrc.hotjob.cn/SU64d47c466202cc36e27a52d4/pb/account.html#/myDeliver",
            "company": "中车南京浦镇",
            "companyAddress": "",
            "id": "{6a53d869-c8e1-4346-9bd9-d6a31aaeae57}",
            "isStateOwned": true,
            "notes": "",
            "position": "软件开发",
            "salary": "",
            "status": "已投递",
            "todoItems": [
            ],
            "todoItemsText": ""
        },
        {
            "applicationDate": "2025-09-14",
            "applicationWebsite": "https://crrc.hotjob.cn/SU64d47c466202cc36e27a52d4/pb/account.html#/myDeliver",
            "company": "中车永济电机",
            "companyAddress": "",
            "id": "{8e0aa319-7a25-426b-8e39-9aa99494528e}",
            "isStateOwned": true,
            "notes": "",
            "position": "电机产品开发",
            "salary": "",
            "status": "已投递",
            "todoItems": [
            ],
            "todoItemsText": ""
        },
        {
            "applicationDate": "2025-09-14",
            "applicationWebsite": "https://crscd.zhiye.com/personal/deliveryRecord",
            "company": "北京全路通信信号研究设计院集团有限公司",
            "companyAddress": "",
            "id": "{abb4bd61-3acf-4197-be96-692d219ee1e0}",
            "isStateOwned": true,
            "notes": "",
            "position": "软件研发（嵌入式，上位机，c++)",
            "salary": "",
            "status": "已投递",
            "todoItems": [
            ],
            "todoItemsText": ""
        },
        {
            "applicationDate": "2025-09-14",
            "applicationWebsite": "https://crscd.zhiye.com/personal/deliveryRecord",
            "company": "北京全路通信信号研究设计院",
            "companyAddress": "",
            "id": "{72ec023e-73bb-48b1-8a4f-88b2e14d6905}",
            "isStateOwned": true,
            "notes": "",
            "position": "软件研发（感知，通信，嵌入式，操作系统)",
            "salary": "",
            "status": "已投递",
            "todoItems": [
            ],
            "todoItemsText": ""
        },
        {
            "applicationDate": "2025-09-14",
            "applicationWebsite": "https://crscd.zhiye.com/personal/deliveryRecord",
            "company": "北京全通-西安",
            "companyAddress": "",
            "id": "{2a889370-884a-441a-ae25-f308d2cc4ec7}",
            "isStateOwned": true,
            "notes": "",
            "position": "软件研发",
            "salary": "",
            "status": "已投递",
            "todoItems": [
            ],
            "todoItemsText": ""
        },
        {
            "applicationDate": "2025-09-15",
            "applicationWebsite": "https://campus.boe.com/Portal/Apply/Index",
            "company": "京东方",
            "companyAddress": "",
            "id": "{8be45253-567f-4068-9041-afdbba57d964}",
            "isStateOwned": false,
            "notes": "",
            "position": "电路研究设计",
            "salary": "",
            "status": "已投递",
            "todoItems": [
                {
                    "deadline": "2025-09-16T15:11:49",
                    "description": "人才测评",
                    "isCompleted": true,
                    "jobApplicationId": "",
                    "website": "https://boe.ceping.com/pc?elink=EG1nxymdCbaMzxcChina25Ialfl6/VJFhO2UpdaCctWqvVqxOEohQAZXmzv0WlNRhgQ==#/promise"
                }
            ],
            "todoItemsText": ""
        },
        {
            "applicationDate": "2025-09-18",
            "applicationWebsite": "https://gotion.zhiye.com/personal/deliveryRecord",
            "company": "国轩高科",
            "companyAddress": "合肥",
            "id": "{33bd3b99-8407-4201-9bcb-6f436fbe9adc}",
            "isStateOwned": false,
            "notes": "",
            "position": "软件工程师",
            "salary": "",
            "status": "已投递",
            "todoItems": [
                {
                    "deadline": "2025-09-22T15:13:18",
                    "description": "测评",
                    "isCompleted": false,
                    "jobApplicationId": "{33bd3b99-8407-4201-9bcb-6f436fbe9adc}",
                    "website": "https://gotion.ceping.com/pc?elink=oj6gOrEkRuJWFdHLOPjnt0M7DRswiDil8MqFaR/SunXGkFip5Cillw==#/promise"
                }
            ],
            "todoItemsText": ""
        },
        {
            "applicationDate": "2025-09-18",
            "applicationWebsite": "https://q.yingjiesheng.com/jobdetail/167962349.html?property=%7B%22pageCode%22%3A%22%22,%22jobSource%22%3A%22%E7%BD%91%E7%94%B3%22,%22jobId%22%3A%22167962349%22,%22jobTitle%22%3A%22%E4%B8%BB%E6%8E%A7%E8%BD%AF%E4%BB%B6%E5%BC%80%E5%8F%91%E5%B7%A5%E7%A8%8B%E5%B8%88%22,%22jobRank%22%3A0,%22companyId%22%3A%229927722%22,%22companyName%22%3A%22%E6%B5%99%E6%B1%9F%E7%9C%81%E6%9C%BA%E7%94%B5%E9%9B%86%E5%9B%A2%E6%9C%89%E9%99%90%E5%85%AC%E5%8F%B8%22%7D",
            "company": "浙江机电",
            "companyAddress": "",
            "id": "{19120fb4-aa42-4034-920a-2189777d6c76}",
            "isStateOwned": true,
            "notes": "",
            "position": "主控软件开发工程师",
            "salary": "10-15k",
            "status": "已投递",
            "todoItems": [
            ],
            "todoItemsText": ""
        },
        {
            "applicationDate": "2025-09-18",
            "applicationWebsite": "https://mail.qq.com/cgi-bin/frame_html?sid=kUL2GqMR9Xe8OQRs&r=ae4c1a22d869ce4d510ece58628852a8&lang=zh",
            "company": "长城电源",
            "companyAddress": "南京",
            "id": "{e22040d7-bb95-4c2b-b4c4-17aea043aa54}",
            "isStateOwned": true,
            "notes": "",
            "position": "软件工程师",
            "salary": "",
            "status": "已投递",
            "todoItems": [
            ],
            "todoItemsText": ""
        },
        {
            "applicationDate": "2025-09-18",
            "applicationWebsite": "https://c.iguopin.com/job/apply",
            "company": "中煤科工西安研究院",
            "companyAddress": "西安",
            "id": "{7ddb54cb-8738-4003-b909-8149ab39ab7c}",
            "isStateOwned": true,
            "notes": "",
            "position": "硬件电路工程师（物探方向）",
            "salary": "",
            "status": "已投递",
            "todoItems": [
            ],
            "todoItemsText": ""
        },
        {
            "applicationDate": "2025-09-18",
            "applicationWebsite": "https://c.iguopin.com/job/apply",
            "company": "中煤科工西安研究院",
            "companyAddress": "西安",
            "id": "{82b39196-8648-4fe9-9a34-ff76defedbb2}",
            "isStateOwned": true,
            "notes": "",
            "position": "软件开发",
            "salary": "",
            "status": "已投递",
            "todoItems": [
            ],
            "todoItemsText": ""
        },
        {
            "applicationDate": "2025-09-18",
            "applicationWebsite": "https://c.iguopin.com/job/apply",
            "company": "北方电子（兵器集团）",
            "companyAddress": "西安",
            "id": "{70bd6aa7-8f3b-4fe6-82fb-e9c93cf5a314}",
            "isStateOwned": true,
            "notes": "",
            "position": "嵌入式软件",
            "salary": "",
            "status": "已投递",
            "todoItems": [
            ],
            "todoItemsText": ""
        }
    ],
    "lastSaved": "2025-09-18T22:35:31",
    "version": "1.5.4"
}
